rank,name,city,country,category,edition_year,lat,lng,place_id,formatted_address
1,Eco Mapu Coffee Villarica,Región de La Araucanía,Chile,South America,2026,-39.2843333,-72.224107,ChIJTyO8tjpiFJYR-A4dCOvJirc,"Julio Zegers 530, 4930000 Villarrica, Araucanía, Chile"
1,Onyx Coffee LAB,"Rogers, Arkansas",USA,Top 100,2026,36.3333573,-94.11587329999999,ChIJk9nZVQ8XyYcRZFTk53sKJj8,"101 E Walnut St, Rogers, AR 72756, USA"
2,FANKØR,Quito,Ecuador,South America,2026,-0.20011,-78.4819266,ChIJaRWpbnOa1ZERnyD484I3qtQ,"Whymper N27-55 y, Quito 170518, Ecuador"
2,Tim Wendelboe,Oslo,Norway,Top 100,2026,59.9232769,10.7557482,ChIJWR6FqmhuQUYRN9lAKt93iU4,"Grüners gate 1, 0552 Oslo, Norway"
3,Differente Coffee,Caldas,Colombia,South America,2026,,,,
3,Alquimia Coffee,San Salvador,El Salvador,Top 100,2026,13.6928745,-89.2426957,ChIJnwIIpygwY48REUd4uchWq4E,"MQV4+5WJ, Calle Circunvalacion 294, San Salvador, El Salvador"
4,Lucca Cafés Especiais,Curitiba,Brazil,South America,2026,-25.4379587,-49.28228679999999,ChIJK38-uHXk3JQRIRQwbya0nC4,"R. Pres. Taunay, 40 - Batel, Curitiba - PR, 80420-180, Brazil"
4,Only Coffee Project Crows Nest,Sydney,Australia,Top 100,2026,-33.8242841,151.2006511,ChIJefAW7cKuEmsR6bbbNIeh9JM,"2/118 Willoughby Rd, Crows Nest NSW 2065, Australia"
5,Kafi Wasi Café Tostaduría,Arequipa,Peru,South America,2026,-16.3986215,-71.5392097,ChIJw9QmKVpKQpERH3VzVL5rquQ,"Calle Pte. Bolognesi 216, Arequipa 04001, Peru"
5,Toby’s Estate Coffee Roasters,Sydney,Australia,Top 100,2026,-33.8858584,151.1944136,ChIJiWjKI9axEmsRNuGud8pJWJ0,"32-36 City Rd, Chippendale NSW 2008, Australia"
6,Tropicalia Coffee,Bogotá,Colombia,South America,2026,4.6637286,-74.0506899,ChIJTVQUVWCaP44RZT7-gUaccBg,"Cl. 81a #8-23, Bogotá, Colombia"
6,Apartment Coffee,Singapore,Singapore,Top 100,2026,1.3028157,103.8499343,ChIJyRJvdrMZ2jERpcCkSyqNYI8,"139 Selegie Rd, #01-01, Singapore 188309"
7,Negro Cueva de Café,Buenos Aires,Argentina,South America,2026,-34.600878,-58.3795636,ChIJ3cNOI8nKvJURtT20WMypHg8,"Suipacha 637, C1008AAM C1008AAM, Cdad. Autónoma de Buenos Aires, Argentina"
7,Gota Coffee Experts,Vienna,Austria,Top 100,2026,48.1915042,16.3269157,ChIJg0ccoRyobUcR7yKVggFLBww,"Mariahilfer Str. 192, 1150 Wien, Austria"
8,Alquimia Specialty Coffee Shop,Santa Cruz,Bolivia,South America,2026,-17.7602375,-63.19810939999999,Eio2UlEyK1dRMiwgU2FudGEgQ3J1eiBkZSBsYSBTaWVycmEsIEJvbGl2aWEiJjokCgoNuQBq9RXau1TaEAsaFAoSCWMawKcc6PGTERthZ6RTCotc,"6RQ2+WQ2, Santa Cruz de la Sierra, Bolivia"
8,Story of Ono,Petaling Jaya,Malaysia,Top 100,2026,3.114084,101.6215677,ChIJZaLrClZJzDERdgtscINLHOo,"47, Jalan SS 2/30, SS 2, 47300 Petaling Jaya, Selangor, Malaysia"
9,Especie Café,Riobamba,Ecuador,South America,2026,,,,
9,Tropicalia Coffee,Bogota,Colombia,Top 100,2026,4.6637286,-74.0506899,ChIJTVQUVWCaP44RZT7-gUaccBg,"Cl. 81a #8-23, Bogotá, Colombia"
10,Monotono Specialty Coffee,Barranco,Peru,South America,2026,-12.1402626,-77.0219778,ChIJf5I-TeW3BZERvrgs8C-9MhQ,"Jirón Fedelli 103, Barranco 15063, Peru"
10,Tanat,Paris,France,Top 100,2026,48.8584219,2.3462519,ChIJxzzYox9u5kcRfmIu6OqmgMw,"22 Av. Victoria, 75001 Paris, France"
11,Wake Up Coffee Lab,"Punta Arenas, Región de Magallanes",Chile,South America,2026,-53.1650489,-70.90637699999999,ChIJKazIcXpjsr0RkM2py-VtBek,"Pdte. Federico Errázuriz 944, 6201064 Punta Arenas, Magallanes y la Antártica Chilena, Chile"
11,FANKØR,Quito,Ecuador,Top 100,2026,-0.20011,-78.4819266,ChIJaRWpbnOa1ZERnyD484I3qtQ,"Whymper N27-55 y, Quito 170518, Ecuador"
12,Caferatto Café Especial,Caldas,Colombia,South America,2026,5.057979899999999,-75.4877292,ChIJ4csiMnxlR44RfMfHdrMP4X0,"Cra. 23c #62-72, Manizales, Caldas, Colombia"
12,Arcane Estate Coffee,New York,USA,Top 100,2026,40.7312804,-74.00275979999999,ChIJ3W4UsJNZwokRk16HbJqo1sc,"37 Cornelia St, New York, NY 10014, USA"
13,RDV Roasters,Maceió,Brazil,South America,2026,,,,
13,Beta Coffee,Sydney,Australia,Top 100,2026,-33.8859385,151.2077186,ChIJ1UykriGuEmsRc8p8bWZULc8,"76 Devonshire St, Surry Hills NSW 2010, Australia"
14,Do Coado ao Espresso | Cafeteria,Salvador,Brazil,South America,2026,,,,
14,Nomadic Specialty Coffee,Cairo Governorate,Egypt,Top 100,2026,30.0659289,31.22163459999999,ChIJ1SrbduNAWBQRjLyZnFyJ2jI,"17 Ahmed Heshmat, Mohammed Mazhar, Zamalek, Cairo Governorate 4271160, Egypt"
15,BlackSoul Café Brewing Lab,Cochabamba,Bolivia,South America,2026,-17.3726904,-66.14554520000002,ChIJpXW_nR5045MRW4bMSQ72nRE,"A.Quijarro 1746, Cochabamba, Bolivia"
15,Nemesis Coffee,Vancouver,Canada,Top 100,2026,49.28280119999999,-123.1102881,ChIJyzkVp3lxhlQR8a-kek7Ql_s,"302 W Hastings St, Vancouver, BC V6B 2N4, Canada"
16,TRIBUTO casa de café – Chacao,Miranda,Venezuela,South America,2026,10.4954806,-66.854226,ChIJG5Tj08RZKowR_BP9qXBm_Wk,"local G, edifico Donatello, C. Cecilio Acosta, Caracas 1060, Miranda, Venezuela"
16,Nomad Frutas Selectas,Barcelona,Spain,Top 100,2026,41.397966,2.1956227,ChIJc7PCoBejpBIREP_Tn2a4s08,"Carrer de Pujades, 95, Sant Martí, 08005 Barcelona, Spain"
17,Elisa Café e Torrefação,Belo Horizonte,Brazil,South America,2026,,,,
17,Kafi Wasi Café Tostaduría,Arequipa,Peru,Top 100,2026,-16.3986215,-71.5392097,ChIJw9QmKVpKQpERNCLCkfpyCw0,"Calle Pte. Bolognesi 216, Arequipa 04001, Peru"
18,Benchtime Bakery & Cafe Cumbayá,Quito,Ecuador,South America,2026,,,,
18,Benchmark Coffee,Sharjah,UAE,Top 100,2026,25.3184047,55.4742758,ChIJG-AcxVxfXz4RZm4nv-1CiQI,Aljada Discovery Centre Aljada - Muwaileh Commercial - Sharjah - United Arab Emirates
19,Origen Tostadores de Café,Pueblo Libre,Peru,South America,2026,-12.0725883,-77.06629579999999,ChIJK9g8XRrJBZER0pk3UpwRtVg,"Av. Simón Bolívar 1199, Pueblo Libre 15084, Peru"
19,Hola Coffee Lagasca,Madrid,Spain,Top 100,2026,40.4250325,-3.685306299999999,ChIJi2D7CpcoQg0Rr5w4FbRHfSU,"Calle de Lagasca, 42, Salamanca, 28001 Madrid, Spain"
20,Casa Canela,Caracas,Venezuela,South America,2026,10.424004,-66.8258463,ChIJqw7a9JP3KowRJBDX8qRsuAs,"C. Bolivar las Marias, Caracas 1083, Miranda, Venezuela"
20,BlendIn Coffee Club,Sugar Land,Texas (USA),Top 100,2026,29.6198189,-95.6296198,ChIJ_Trg0d7mQIYRRhhrhtSRN4M,"8410 Hwy 90 Alt Bldg B, Sugar Land, TX 77478, USA"
21,Abstrakto Café de Especialidad,Maldonado,Uruguay,South America,2026,-34.9185261,-54.9416513,ChIJpym-37gadZURy9Feqm-ekSk,"Calderon de la Barca, 20000 Punta del Este, Departamento de Maldonado, Uruguay"
21,Holaste! Specialty Coffee,Natales,Chile,Top 100,2026,-51.7261499,-72.50746,ChIJ2ehQLBror70RRPdloMC8JDA,"Carlos Bories 385, 6160492 Ultima Esperanza, Natales, Magallanes y la Antártica Chilena, Chile"
22,King Experience – Cafeteria e Escola de Café,Goiânia,Brazil,South America,2026,,,,
22,Momos Coffee Flagship Store,Busan,Republic of Korea,Top 100,2026,35.2192553,129.086493,ChIJV52dAJqTaDURx7ul1qYFsko,"20 Osige-ro, Geumjeong-gu, Busan, South Korea"
23,Primates Tostadores,Talca,Chile,South America,2026,-35.428329,-71.6260985,ChIJoVI7H9rGZZYRXmccKrBOVgU,"Calle 30 Ote. 1562, 3460000 Talca, Maule, Chile"
23,Monotono Specialty Coffee,Lima,Peru,Top 100,2026,-12.1402626,-77.0219778,ChIJf5I-TeW3BZERvrgs8C-9MhQ,"Jirón Fedelli 103, Barranco 15063, Peru"
24,Three Monkeys Coffee Cusco,Cusco,Peru,South America,2026,-13.5177829,-71.9749574,ChIJAaegWgvWbZERxik3jk3YIxM,"Pje. Pampa de la Alianza 474, Cusco 08002, Peru"
24,Ult Coffee,Osaka,Japan,Top 100,2026,34.6877502,135.4950316,ChIJHbyDA_vmAGARrMki_gm2NRA,"1-chōme-11-6 Kyōmachibori, Nishi Ward, Osaka, 550-0003, Japan"
25,Typica Café,La Paz,Bolivia,South America,2026,-17.4031996,-66.1545245,ChIJq6BPke9z45MRCx_ad5rdpb8,"HRWW+P5H, Cochabamba, Bolivia"
25,El Injerto,Ciudad de Guatemala,Guatemala,Top 100,2026,14.5881773,-90.52142450000001,ChIJy9LGqeCjiYURxwBWZq_Ttb8,"9 Calle 1515, Cdad. de Guatemala 01013, Guatemala"
26,Islander Coffee Roasters,Santa Cruz,Ecuador,South America,2026,,,,
26,Three Monkeys Coffee,Cusco,Peru,Top 100,2026,-13.5177829,-71.9749574,ChIJAaegWgvWbZERxik3jk3YIxM,"Pje. Pampa de la Alianza 474, Cusco 08002, Peru"
27,Bicho Specialty Coffee,Huancayo,Peru,South America,2026,,,,
27,Proud Mary Coffee,Melbourne,Australia,Top 100,2026,-37.8023383,144.9851717,ChIJ6f2VOeBC1moRMzJudEH_BQs,"172 Oxford St, Collingwood VIC 3066, Australia"
28,L’arôme Café,Santa Cruz de la Sierra,Bolivia,South America,2026,,,,
28,Koffee Mameya Kakeru,Tokyo,Japan,Top 100,2026,35.6764629,139.8041913,ChIJS47TehqJGGARHdSdLdci5L4,"2-chōme-16-14 Hirano, Koto City, Tokyo 135-0023, Japan"
29,Café Melosa,Caracas,Venezuela,South America,2026,10.497567,-66.8566818,ChIJTxAspQBZKowRo_3flzancfs,"Centro San Ignacio, C. Elice, Caracas 1060, Miranda, Venezuela"
29,Coffee Anthology,Brisbane,Australia,Top 100,2026,-27.4704616,153.0280493,ChIJw3MRaBtakWsRo-BawYnuu70,"155 Charlotte St, Brisbane City QLD 4000, Australia"
30,Holaste! Specialty Coffee,"Natales, Región de Magallanes",Chile,South America,2026,-51.7261499,-72.50746,ChIJ2ehQLBror70RRPdloMC8JDA,"Carlos Bories 385, 6160492 Ultima Esperanza, Natales, Magallanes y la Antártica Chilena, Chile"
30,7g Roaster,Vila Nova de Gaia,Portugal,Top 100,2026,41.13695,-8.61402,ChIJXVSKr99kJA0R0SDEIvQdji0,"R. de França 52, 4400-174 Vila Nova de Gaia, Portugal"
31,Rita Specialty Coffee Armenia,Buenos Aires,Argentina,South America,2026,-34.5901672,-58.42827149999999,ChIJ-fRY5Ie1vJURrA3jarr_dhg,"Armenia 1595, C1414DKG Cdad. Autónoma de Buenos Aires, Argentina"
31,Espresso Alchemy,Hong Kong,China,Top 100,2026,22.3008171,114.1721995,ChIJz3I7OewABDQRKfpX9szTycI,"Shop 113B, 1/F, Mira Place 1, 132 Nathan Rd, Tsim Sha Tsui, Hong Kong"
32,Famosta Café,Pereira,Colombia,South America,2026,4.8034417,-75.6844211,ChIJL0Ga5D2HOI4RGR-jF8RiWB8,"Av. Juan B Gutierrez #17-55, Pereira, Risaralda, Colombia"
32,Coffeewerk + Press,Galway,Ireland,Top 100,2026,53.2713459,-9.0539731,ChIJkURO3_qWW0gRmKg_s27KDPw,"4 Quay St, Galway, H91 E2K6, Ireland"
33,William & Sons Coffee Co. – Petrópolis,Porto Alegre,Brazil,South America,2026,,,,
33,Typica Café,La Paz,Bolivia,Top 100,2026,-16.5034865,-68.1302809,ChIJvW59R2UgX5ER8eyZ-y9WzGo,"Edificio Tres Cruces N, Batallón Colorados 40, La Paz, Bolivia"
34,Café Guayasamin – Centro Quito,Quito,Ecuador,South America,2026,-0.2189069,-78.5116685,Ei5HYXJjw61hIE1vcmVubyAmIE1lasOtYSwgMTcwNDAxIFF1aXRvLCBFY3VhZG9yImYiZAoUChIJgT1rNiia1ZERC7WmUPLF7O8SFAoSCYE9azYomtWREQu1plDyxezvGhQKEgkF3LpMKJrVkRGFIWxoSvkn7RoUChIJn0DWSSia1ZERWicT_nk8vrIiCg3zmN7_FfMRNNE,"García Moreno & Mejía, 170401 Quito, Ecuador"
34,Yardstick,Makati,The Philippines,Top 100,2026,14.5569031,121.0172259,ChIJawDSkQ7JlzMRjYW47xKcRGQ,"Princess Building, 106 Esteban, Legazpi Village, Makati City, 1229 Metro Manila, Philippines"
35,D’Sala Caffe,Surquillo,Peru,South America,2026,-12.1164962,-77.0244886,ChIJi27cVhDIBZERc5XdJmBR-h0,"Gonzáles Prada 543, Lima 15047, Peru"
35,Histórico,San Cristóbal de las Casas,Mexico,Top 100,2026,16.7364632,-92.6379528,ChIJRddj4T1F7YURvHRs5JWVF7A,"Miguel Hidalgo 1, Zona Centro, 29200 San Cristóbal de las Casas, Chis., Mexico"
36,Abuela Café & Torrefação,Porto Alegre,Brazil,South America,2026,,,,
36,Coffee Sind,Taipei City,Taiwan,Top 100,2026,25.0410858,121.5321404,ChIJ8VZ0R9KrQjQRBCANnVHpH0k,"No. 8號, Lane 56, Section 1, Xinsheng S Rd, Zhongzheng District, Taipei City, Taiwan 100"
37,Café Micelio Puerto Varas,Puerto Varas,Chile,South America,2026,-41.3153911,-72.98651509999999,ChIJZ7T64iknGJYRaaTqMiudync,"Estación 262, 5550492 Puerto Varas, Los Lagos, Chile"
37,DeLafinca Specialty Coffee,Managua,Nicaragua,Top 100,2026,12.1310778,-86.2473138,ChIJ-cQaSx3_c48RkSWC6jvp1Jg,"Semaforos del Dorado 600mts al sur, sobre la pista a mano izquierda, 11169, Nicaragua"
38,Pergamino Café Laureles,Medellín,Colombia,South America,2026,6.2413788,-75.59618689999999,ChIJzcFcU8spRI4RKdDH5QXv8LU,"Tv 34 #34 - 65, Laureles - Estadio, Medellín, Laureles, Medellín, Antioquia, Colombia"
38,Ottoman Coffee House,Glasgow,United Kingdom,Top 100,2026,55.8650191,-4.2748397,ChIJC3Ir0StEiEgRgwMFrySDRjw,"The Shah Noor, 73 Berkeley St., Glasgow G3 7DX, UK"
39,Savignano Café,Caracas,Venezuela,South America,2026,,,,
39,Casa Canela,Caracas,Venezuela,Top 100,2026,10.424004,-66.8258463,ChIJqw7a9JP3KowRJBDX8qRsuAs,"C. Bolivar las Marias, Caracas 1083, Miranda, Venezuela"
40,Puku Puku,Miraflores,Peru,South America,2026,-12.1220962,-77.0265031,ChIJYUdgzhvIBZERBeR6x_DRTJU,"Av. la Paz 463, Miraflores 15074, Peru"
40,Espresso LAB,Cape Town,South Africa,Top 100,2026,-33.9274763,18.45716,ChIJmb1qtKZdzB0RQGPrsOVHzDk,"375 Albert Rd, Woodstock, Cape Town, 7915, South Africa"
41,Ninina,Buenos Aires,Argentina,South America,2026,-34.5912677,-58.42860640000001,ChIJy9gfAXjKvJURdgkuK0by_RE,"Gorriti 4738, C1414 BJL, Cdad. Autónoma de Buenos Aires, Argentina"
41,Seven Mystery,Toronto,Canada,Top 100,2026,43.7815254,-79.2788527,ChIJ__8_VZ3R1IkRY-MOtIE-Xa8,"50 Weybright Ct #13, Scarborough, ON M1S 5C1, Canada"
42,Montse,Loja,Ecuador,South America,2026,,,,
42,Faro,Rome,Italy,Top 100,2026,41.9101357,12.4984435,ChIJJzodIQlhLxMRAaMqrA6CpcA,"Via Piave, 55, 00187 Roma RM, Italy"
43,Café Buena Vista,Santa Cruz,Bolivia,South America,2026,-17.7657214,-63.2034664,ChIJ2a7WCljd8ZMRgmpf3izFsko,"y calles, Calle los robles, C. los Claveles, Santa Cruz de la Sierra, Bolivia"
43,Domestique,"Birmingham, Alabama",USA,Top 100,2026,33.5242119,-86.7745711,ChIJTa1vIVEaiYgRwWc9-2XWBVA,"200 41st St S, Birmingham, AL 35222, USA"
44,Cuervo Café,Buenos Aires,Argentina,South America,2026,-34.5903852,-58.42586310000001,ChIJu-jhgHjKvJURM8CrABqAshc,"El Salvador 4580, C1414BPH Cdad. Autónoma de Buenos Aires, Argentina"
44,Harvest Coffee,Doha,Qatar,Top 100,2026,25.3648787,51.5409049,ChIJyR59ZGvDRT4RWrsAjwPtwK4,"Marina Way One, Doha, Qatar"
45,Lohas Café,Bogotá,Colombia,South America,2026,,,,
45,Origen Tostadores de Café,Lima,Peru,Top 100,2026,-12.0725883,-77.06629579999999,ChIJK9g8XRrJBZER0pk3UpwRtVg,"Av. Simón Bolívar 1199, Pueblo Libre 15084, Peru"
46,Boca Café,Caracas,Venezuela,South America,2026,,,,
46,KEEP Coffee Roastery,Kaohsiung City,Taiwan,Top 100,2026,22.6407171,120.3174687,ChIJuaokdekEbjQR2-HGrYNTJE8,"No. 113號, Huaian St, Sanmin District, Kaohsiung City, Taiwan 807"
47,Tinticoos Cafeteria,Ibarra,Ecuador,South America,2026,,,,
47,Meet LAB Coffee,Istanbul,Turkey,Top 100,2026,40.9660062,29.0682909,EklDYWRkZWJvc3RhbiwgU2VsaW4gU2suIE5vOjZBLzEzIEQ6MTMsIDM0MDAwIEthZMSxa8O2eS_EsHN0YW5idWwsIFTDvHJraXllIh4aHAoWChQKEglbOB25dMfKFBGQBgWJhhHJOxICMTM,"Caddebostan, Selin Sk. No:6A/13 D:13, 34000 Kadıköy/İstanbul, Türkiye"
48,Tasta Café,Capiro,Peru,South America,2026,-13.3545463,-70.3483682,ChIJG1D289V9ZZERZl9C4gWaKQs,"JMR2+5HH, Carr. Interoceánica 28, Limapampa 21260, Peru"
48,Mulano Coffee Shop,Piñas,Ecuador,Top 100,2026,-3.680046,-79.6816087,Ei9BdmVuaWRhIExvamEgJiBKdWFuIExlw7NuIE1lcmEsIFBpw7FhcywgRWN1YWRvciJmImQKFAoSCWfsZgVjXzOQERC8V9y_YqXKEhQKEgln7GYFY18zkBEQvFfcv2KlyhoUChIJV0wsB2NfM5ARkIyFvDZyPlkaFAoSCacxNOViXzOQEYp9YSW0tpKHIgoNNHjO_RUpjYHQ,"Avenida Loja & Juan León Mera, Piñas, Ecuador"
49,Giotti Cafés Microtorrefação,Juiz de Fora,Brazil,South America,2026,,,,
49,La Cabra,Copenhagen,Denmark,Top 100,2026,55.6815858,12.5790398,ChIJhxU6DxpTUkYRf16Gw-D5Oxw,"Møntergade 3A, 1116 København, Denmark"
50,Roaster Specialty Coffee,La Paz,Bolivia,South America,2026,-16.5415834,-68.0787612,ChIJvfRcgTAhX5ER5WBQ6bvsABo,"Gabriel René Moreno, La Paz, Bolivia"
50,Birch Coffee,Portree,United Kingdom,Top 100,2026,57.41152289999999,-6.194154,ChIJQbZ0ay0yjEgRzZAaKowNO3U,"Bayfield Rd, Portree, UK"
51,Barista Coffee House,Santa Fe,Argentina,South America,2026,-32.9655823,-60.6474489,ChIJp3NNcwqrt5URIV1lNjIMi94,"Ocampo 1404, S2000EYD Rosario, Santa Fe, Argentina"
51,Ruli Coffee,Seoul,Republic of Korea,Top 100,2026,37.5588412,126.9861996,ChIJnQghVfeifDURIE7bYd4gsIQ,"31 Toegye-ro 20-gil, Jung District, Seoul, South Korea"
52,Dagadá,Loja,Ecuador,South America,2026,-3.9989485,-79.1979398,ChIJA0jFRAA4y5ER9tzGY36RVhI,"24 de Mayo, Loja, Ecuador"
52,Atte For Coffee,Antigua Guatemala,Guatemala,Top 100,2026,14.619461,-90.5148127,ChIJFdIeuTGiiYURZgH9pBt4-co,"Via 6 3-56, Cdad. de Guatemala, Guatemala"
53,Diblú Cafetería de Especialidad,Temuco,Chile,South America,2026,,,,
53,Single O,Sidney,Australia,Top 100,2026,-33.881047,151.2096577,ChIJPegthSKuEmsR0zTRTYOv1Qs,"60/64 Reservoir St, Surry Hills NSW 2010, Australia"
54,Raiz Coffee,Miraflores,Peru,South America,2026,-12.1234781,-77.031477,ChIJPzxSwhjIBZERk8_c3Zh1rdU,"Calle Porta 152, Miraflores 15074, Peru"
54,Rubia Coffee Roasters,Kigali,Rwanda,Top 100,2026,-1.9543794,30.0828131,ChIJ21aMVYmm3BkRhWzOy-0drJo,"KG 2 Ave, Kigali, Rwanda"
55,Surry Hills Coffee Palermo,Buenos Aires,Argentina,South America,2026,-34.5722688,-58.43125309999999,ChIJpa7VK7G1vJURB2vsGd0I19Q,"Arévalo 2877, C1426 Cdad. Autónoma de Buenos Aires, Argentina"
55,Bob Coffee Lab,Bucharest,Romania,Top 100,2026,44.4654555,26.0854922,ChIJo7BE1Q8CskARSTW99tJfUyc,"Piața Charles de Gaulle 3, 011857 București, Romania"
56,Café 18 – El Chicó,Bogotá,Colombia,South America,2026,4.6799577,-74.04628380000001,ChIJaaiUQJGaP44Rtw9jb5K3sLw,"Cra. 11B #96-54, Bogotá, Colombia"
56,Unfiltered coffee,Dublin,Ireland,Top 100,2026,53.3395689,-6.320501,ChIJaf8N-FgMZ0gRQFmKUKv6VAI,"205B Emmet Rd, Inchicore, Dublin 8, D08 EN29, Ireland"
57,Royalty Café,Curitiba,Brazil,South America,2026,,,,
57,Tomorrow Coffee Roasters,Taichung City,Taiwan,Top 100,2026,24.1536683,120.6281729,ChIJeUJufOc9aTQRfmTEwo98duI,"No. 20, Lane 198, Gancheng St, Nantun District, Taichung City, Taiwan 408"
58,MARRÓN CAFÉ,Carabobo,Venezuela,South America,2026,10.2126537,-68.0173307,ChIJGVD0QYxdgI4R5ZulgETwvIA,"Av. 107, Valencia 2001, Carabobo, Venezuela"
58,Ca Passe Creme,Lausanne,Switzerland,Top 100,2026,46.516405,6.625384899999999,ChIJIwgVPdMvjEcRLkAcU21ONa0,"Bd de Grancy 49, 1006 Lausanne, Switzerland"
59,Selva Brew,Valdivia,Chile,South America,2026,,,,
59,Eco Mapu,Villarrica,Chile,Top 100,2026,-39.2843333,-72.224107,ChIJTyO8tjpiFJYR-A4dCOvJirc,"Julio Zegers 530, 4930000 Villarrica, Araucanía, Chile"
60,Kaldis Specialty Coffee Grimaldo,Lima,Peru,South America,2026,,,,
60,43.12 Coffee,Varna,Bulgaria,Top 100,2026,43.1997418,27.9154545,ChIJX-BpqzBTpEAR5epGdNZggEo,"Varna CenterOdesos, ul. ""Preslav"" 15, 9000 Varna, Bulgaria"
61,Mijito Café,Mendoza,Argentina,South America,2026,,,,
61,Fika & Co. Cafe,Bangkok,Thailand,Top 100,2026,13.7485011,100.5642094,ChIJhQyrwKWf4jAR-19b465sv0U,"1788 Singha Complex Bang Kapi, Huai Khwang, Bangkok 10310, Thailand"
62,Coffee Five,Rio de Janeiro,Brazil,South America,2026,-22.9026279,-43.17691079999999,ChIJfezBJl9_mQARDoAuxj2X1OE,"R. da Quitanda, 86 - Centro, Rio de Janeiro - RJ, 20091-005, Brazil"
62,Ditta Artigianale Specialty Coffee Roasters,Milano,Italy,Top 100,2026,45.4658289,9.175969799999999,ChIJSaquBVHBhkcRfaxZvrAfl54,"Corso Magenta, 31, 20123 Milano MI, Italy"
63,Cherry Season,Córdoba,Argentina,South America,2026,,,,
63,Café Nativo,Tegucigalpa,Honduras,Top 100,2026,14.1001875,-87.1911719,EjM0UjI1KzNHRywgVGVndWNpZ2FscGEsIEZyYW5jaXNjbyBNb3JhesOhbiwgSG9uZHVyYXMiJjokCgoNk4RnCBXZrgfMEAsaFAoSCVE9dL-6om-PEdPJaiA4Is9o,"4R25+3GG, Tegucigalpa, Francisco Morazán, Honduras"
64,Rituales Compañía de Café,Medellín,Colombia,South America,2026,,,,
64,Caferatto,Manizales,Colombia,Top 100,2026,5.057979899999999,-75.4877292,ChIJ4csiMnxlR44RfMfHdrMP4X0,"Cra. 23c #62-72, Manizales, Caldas, Colombia"
65,Zulu Haus,Buenos Aires,Argentina,South America,2026,,,,
65,Kross Coffee Roasters,Crete,Greece,Top 100,2026,35.515193,24.0209797,ChIJO4kg8b59nBQRdDrRslC7nEI,"Tsouderon 73, Chania 731 34, Greece"
66,Perfecto,Oruro,Bolivia,South America,2026,,,,
66,Prevail Coffee,"Montgomery, Alabama",USA,Top 100,2026,32.3777176,-86.3082994,Ei0zOSBEZXh0ZXIgQXZlICMxMDIsIE1vbnRnb21lcnksIEFMIDM2MTA0LCBVU0EiHxodChYKFAoSCfckDzlugY6IETn5nfzavTSiEgMxMDI,"39 Dexter Ave #102, Montgomery, AL 36104, USA"
67,Don Salazar,San Isidro,Peru,South America,2026,-12.0925341,-77.0292387,ChIJ9e7z6mbIBZERvEwJLv9y1lA,"C. las Camelias 185, San Isidro 15046, Peru"
67,MOK Coffee,Brussels,Belgium,Top 100,2026,50.8528174,4.341749399999999,ChIJleDmRYnDw0cRdur3w4KDCrE,"Rue Antoine Dansaert 196, 1000 Bruxelles, Belgium"
68,ARTEMISA Coffee & Cocktail Bar,Las Condes,Chile,South America,2026,-33.4169162,-70.60438789999999,EkBUYWphbWFyIDI4NywgciwgNzU1MDU5NCBMYXMgQ29uZGVzLCBSZWdpw7NuIE1ldHJvcG9saXRhbmEsIENoaWxlIh0aGwoWChQKEgnv95_9ac9ilhHaJn87KZzorRIBcg,"Tajamar 287, r, 7550594 Las Condes, Región Metropolitana, Chile"
68,Azura – The Coffee Company,Muscat,Oman,Top 100,2026,23.6453963,58.148331,ChIJwQKF64HkjT4RYWS4rBynEtY,"A Salam St, Seeb, Oman"
69,Puku Puku,Lima,Peru,Top 100,2026,-12.1324766,-77.0300644,ChIJRZH-reG3BZERkyuz3_3qWo8,"Larcomar, Mal. de la Reserva 610, Miraflores 15074, Peru"
70,Soul Coffee House,Loja,Ecuador,South America,2026,,,,
70,The Golden Pig,San Pedro Sula,Honduras,Top 100,2026,15.507472,-88.0440769,ChIJCxDm1HNbZo8RoTPNIwbOvww,"Boulevard Los Próceres, San Pedro Sula, Cortés, Honduras"
71,Terra Specialty Coffee,Valdivia,Chile,South America,2026,,,,
71,Little Victories Coffee,Ottawa,Canada,Top 100,2026,45.4232453,-75.6954342,,"44 Elgin St, Ottawa, Ontario K1P 1C7"
72,Mr Wush Wush,Ibagué,Colombia,South America,2026,,,,
72,Push Pull,"Portland, Oregon",USA,Top 100,2026,45.5194845,-122.6568709,ChIJ3cWqo6aglVQRfkxiVfBxrKQ,"821 SE Stark St, Portland, OR 97214, USA"
73,Nameless Cafetería de Especialidad,Samborondón,Ecuador,South America,2026,,,,
73,Galani Coffee,Addis Ababa,Ethiopia,Top 100,2026,9.011787199999999,38.8217566,ChIJJ_S0kTOFSxYRDUr_NGoTwVw,"Jacros - Salite Mehret Rd, Addis Ababa, Ethiopia"
74,Coffee Bike,Sucre,Bolivia,South America,2026,,,,
74,Wake up,Punta Arenas,Chile,Top 100,2026,-53.1650489,-70.90637699999999,ChIJKazIcXpjsr0RkM2py-VtBek,"Pdte. Federico Errázuriz 944, 6201064 Punta Arenas, Magallanes y la Antártica Chilena, Chile"
75,Guanacoffee,Pueblo Libre,Peru,South America,2026,-12.0817184,-77.0678185,ChIJp-BlAAbJBZERZGib1FitHJM,"Sta. Isabel 140, Pueblo Libre 15084, Peru"
75,Bouche,Brussels,Belgium,Top 100,2026,50.8416133,4.3596525,ChIJG-djIofEw0cRt-Vwxo_1YxA,"Rue de Namur 4, 1000 Bruxelles, Belgium"
76,Cafeteria 15 Coffee Company,Sorocaba,Brazil,South America,2026,,,,
76,Café de Reyes,Quetzaltenango,Guatemala,Top 100,2026,14.8450544,-91.5174066,ChIJKbUDwauijoURvv4GigEVJNM,"14 Avenida 5-19A, Quetzaltenango 09001, Guatemala"
77,Café Calderón,Santiago de Chile,Chile,South America,2026,,,,
77,Savaya Coffee Market,"Tucson, Arizona",USA,Top 100,2026,32.2455883,-110.8529403,ChIJY_8Frv9u1oYR2OxKWU1ivXU,"6540 E Tanque Verde Rd, Tucson, AZ 85715, USA"
78,Masaro Café,Santa Victoria,Peru,South America,2026,-6.7798677,-79.83960569999999,ChIJ6R2yly_vTJAR27NqQxo3NGI,"La Florida 576, Chiclayo 14000, Peru"
78,Coffee Stopover Black,Taichung City,Taiwan,Top 100,2026,24.1454638,120.671868,EiY0MDPlj7DngaPoh7rkuK3luILopb_ljYDnpo_pvo3ooZc36JmfMSIdGhsKFgoUChIJnYmJYXM9aTQRk02EnOsO9vYSATE,"1, No. 7, Fulong St, West District, Taichung City, Taiwan 403"
79,Kaweh Coffee Shop,Loja,Ecuador,South America,2026,-4.0013035,-79.20147399999999,ChIJQ_eCDxk3y5ER9Tmv1o_JMdg,"XQXX+FCC, entre Bolivar &, Bernardo Valdivieso, Loja, Ecuador"
79,Sailor Coffee,Samborondón,Ecuador,South America,2026,,,,
79,Fuku,Amsterdam,Netherlands,Top 100,2026,52.3812737,4.855158100000001,ChIJ1V3kG2XixUcRH1nQwIBJwmg,"Bos en Lommerweg 136 HS, 1055 ED Amsterdam, Netherlands"
80,Simón Coffee,Medellín,Colombia,South America,2026,,,,
80,The Miners Coffee,Prague,Czech Republic,Top 100,2026,50.0864025,14.4218479,ChIJgWbZU-mUC0cR8ohJfa5HNWk,"Železná 490/14, 110 00 Staré Město, Czechia"
81,La Colibrí Café,Lince,Peru,South America,2026,,,,
81,Cupping Café,Sao Paulo,Brazil,Top 100,2026,-23.5549482,-46.68882139999999,ChIJxdLkNJZXzpQReUwGK4nyk8Y,"R. Wisard, 171 - Vila Madalena, São Paulo - SP, 05434-080, Brazil"
82,La Cafetería Coffee Roasters,Caracas,Venezuela,South America,2026,,,,
82,Coffea Guatemala,Antigua Guatemala,Guatemala,Top 100,2026,14.554013,-90.7348663,ChIJaYF_SA0OiYUR7_L_wAjopQA,"7a Calle Poniente 15, Antigua Guatemala, Guatemala"
83,Atmosférico Cafetería de Especialidad,Samborondón,Ecuador,South America,2026,-2.1282086,-79.86440619999999,ChIJMw-9suFsLZARAsH9j1Q_CDA,"C. Diana Quintana, Samborondón 092301, Ecuador"
83,D·Origen Coffee Roasters Barcelona,Barcelona,Spain,Top 100,2026,41.3908624,2.1731053,ChIJ8T0QH_CipBIR6Zr1g9aKad4,"Carrer de Casp, 48, Eixample, 08010 Barcelona, Spain"
84,Destino Café Oxapampa,Oxapampa,Peru,South America,2026,,,,
84,Coffee Stain,Kuala Lumpur,Malaysia,Top 100,2026,3.1715266,101.6664314,ChIJ5e6wBV5IzDERXANPx1NBcVM,"D4-G3-01, Jln Dutamas 1, Solaris Dutamas, 50480 Kuala Lumpur, Federal Territory of Kuala Lumpur, Malaysia"
85,Le Grenier Cafetería,Viña del Mar,Chile,South America,2026,,,,
85,The Dude Specialty Coffee,Skopje,Macedonia,Top 100,2026,41.9978065,21.4198181,ChIJETlcOUkUVBMRtcm2yJn0VBE,"Apostle Guslarot 16, Skopje 1000, North Macedonia"
86,Oso Café,Arequipa,Peru,South America,2026,-16.3968981,-71.5356616,ChIJMYNLkVBKQpER71GBgsPIP3I,"Cl. San Francisco 217, Arequipa 04001, Peru"
86,Story and Soil Coffee,"Hartford, Connecticut",USA,Top 100,2026,41.7637176,-72.6885137,ChIJzw6G3UJT5okRsVg-WQhzdG8,"387 Capitol Ave, Hartford, CT 06106, USA"
87,Azahar Café,Bogotá,Colombia,South America,2026,4.6780191,-74.0500933,ChIJcUflUJKaP44R9FSV0WUYTPw,"Cl 93b #13-91, Bogotá, Colombia"
87,Exploradores,CDMX,Mexico,Top 100,2026,19.3554536,-99.275689,ChIJ635zgLUA0oURwUDZfOwFplg,"Av. Santa Fe 601, Lomas de Santa Fe, Contadero, Cuajimalpa de Morelos, 05310 Cuajimalps, CDMX, Mexico"
88,FOK,Punta del Este,Uruguay,South America,2026,,,,
88,The Folks,Lisbon,Portugal,Top 100,2026,38.7110619,-9.1383587,ChIJi7Bh4Xg0GQ0RdvZDEXy8w_E,"R. dos Sapateiros 111, 1100-051 Lisboa, Portugal"
89,Cupping Café,São Paulo,Brazil,South America,2026,-23.5549482,-46.68882139999999,ChIJxdLkNJZXzpQReUwGK4nyk8Y,"R. Wisard, 171 - Vila Madalena, São Paulo - SP, 05434-080, Brazil"
89,"Casa Barista & Co.,Casco Historico",Santo Domingo,Dominican Republic,Top 100,2026,18.474361,-69.88477809999999,ChIJo71akESJr44RaP_SBr6uIuw,"C. Arzobispo Meriño 268, Santo Domingo 10210, Dominican Republic"
90,Kajue Café,Buenos Aires,Argentina,South America,2026,-34.5863954,-58.4240992,ChIJdxQPxIa1vJUR6yfXvuP-70w,"Guatemala 4665, C1425BUK Cdad. Autónoma de Buenos Aires, Argentina"
90,Cypher Urban Roastery,Dubai,UAE,Top 100,2026,25.1224432,55.20919560000001,ChIJgT7BrsZrXz4RQuTOVL5PY4o,"Al Quoz Industrial Area 3, Street 6b, Complex 76, Warehouse no. 2 - Dubai - United Arab Emirates"
91,La Raza Coffee,Chillán,Chile,South America,2026,,,,
91,Cafetano Coffee Roasters,Tegucigalpa,Honduras,Top 100,2026,14.0891693,-87.18622409999999,ChIJhaSZedSib48RdofAX4Tytn0,"Av. República de Costa Rica, Tegucigalpa, Francisco Morazán, Honduras"
92,Antaqa Café,Ayacucho,Peru,South America,2026,-13.1589265,-74.2235208,ChIJ-wxIC_R9EpERTavTK9l4Wdk,"Jirón Tres Máscaras 510, Ayacucho 05003, Peru"
92,Coffee Five,Rio de Janeiro,Brazil,Top 100,2026,-22.9025663,-43.1767791,ChIJhVec0o5_mQARZO8ND6SrAgA,"R. da Quitanda, 86 - quiosque 01 - Centro, Rio de Janeiro - RJ, 20091-902, Brazil"
93,Café Labranza,Caracas,Venezuela,South America,2026,,,,
93,Kima Coffee,Malaga,Spain,Top 100,2026,36.7238288,-4.4229259,ChIJwb6Oe773cg0REmFojy7gtJg,"C. Carretería, 67, Distrito Centro, 29008 Málaga, Spain"
94,Mulano Coffee Shop,Piñas,Ecuador,South America,2026,-3.6800524,-79.6816882,ChIJV0wsB2NfM5ARkIyFvDZyPlk,"Av Loja, Piñas, Ecuador"
94,Negro,Buenos Aires,Argentina,Top 100,2026,-34.600878,-58.3795636,ChIJ3cNOI8nKvJURtT20WMypHg8,"Suipacha 637, C1008AAM C1008AAM, Cdad. Autónoma de Buenos Aires, Argentina"
95,Kaffe’i,Asunción,Paraguay,South America,2026,-25.2814154,-57.63593820000001,ChIJoT4qr_OnXZQRL4gOCwTTzAc,"Palma 438, Asunción 001013, Paraguay"
95,Metric,Chicago,Illinois (USA),Top 100,2026,41.8866605,-87.6778477,ChIJzTsrAUgtDogR-cUahY0UaOE,"2021 W Fulton St, Chicago, IL 60612, USA"
96,Café Bauda,Región de los Lagos,Chile,South America,2026,-42.4767972,-73.760192,ChIJAwvrMOMZIpYRV9KZKt9zZkA,"Pedro Montt 431, 5700000 Castro, Los Lagos, Chile"
96,El Terrible Juan Café,Guadalajara,México,Top 100,2026,20.6694613,-103.3662362,ChIJ27y2mQauKIQRJa8IIPKMvHQ,"C. Colonias 440, Col Americana, Americana, 44150 Guadalajara, Jal., Mexico"
97,Puma Café,Lima,Peru,South America,2026,-12.07669,-77.0366619,ChIJxQoAWvLIBZERpt57O9t_pA4,"Sargento Enrique Villar 101, Lima 15074, Peru"
97,Flat White Specialty Coffee,Doha,Qatar,Top 100,2026,25.3146714,51.4418359,ChIJn_jQI_jbRT4RUv7nkbiKmmA,"Education City, Education City Student Center, Al Huqoul St, Doha, Qatar"
98,Casa Berracos,Montevideo,Uruguay,South America,2026,-34.8888744,-56.15733969999999,ChIJxVQi6_iAn5URi5YfB0oboWU,"Estero Bellaco 2835, 11600 Montevideo, Departamento de Montevideo, Uruguay"
98,Cafeoteca,San Jose,Costa Rica,Top 100,2026,9.9283386,-84.06454730000002,ChIJFcTu0nbjoI8Rvg4fmBnwvGw,"C. 31, San José, Costa Rica"
99,Raymi Coffee Shops El Bosque,Quito,Ecuador,South America,2026,,,,
99,Surry Hills Coffee,Buenos Aires,Argentina,Top 100,2026,-34.5722912,-58.4312759,ChIJqU4u0pe1vJURXATY3_gGrqQ,"Arévalo 2877, C1426DJC Cdad. Autónoma de Buenos Aires, Argentina"
100,Okafe Roasters,Cali,Colombia,South America,2026,,,,
100,Vacation Coffee,Melbourne,Australia,Top 100,2026,,,,
